u_id,grade30,grade36,kapr,mean_confidence,mean_confidence_right,mean_confidence_wrong,percent_attention,percent30,percent36,page_1_kapr,page_2_kapr,page_3_kapr,page_4_kapr,page_5_kapr,page_6_kapr,mode,mode_description,page_1_attention,page_2_attention,page_3_attention,page_4_attention,page_5_attention,page_6_attention,page_1_score,page_2_score,page_3_score,page_4_score,page_5_score,page_6_score,duration,date,section,moderate,minimum,budget,budget_percent_used
5,23,29,14.327051936410879,2.0277777777777777,2.0689655172413794,1.8571428571428572,1,76.66666666666667,80.55555555555556,1.6460880523380512,2.606511415093663,2.2928351129239966,1.126311958573499,5.2488888421618825,1.4064165553197872,2,Clickable w/out meter,1,1,1,1,1,1,1,0.8,0.6,0.8,0.8,0.6,5.83333333333333,2018-04-06T19:07:44Z,2,37.615918,5.056235,100,14.327051936410879
6,28,34,12.366850929264311,2.5277777777777777,2.5588235294117645,2,1,93.33333333333333,94.44444444444444,1.3963119202089764,3.529054379979427,2.6185654829277496,1.548267017017016,2.2498209318861497,1.0248311972449926,3,Clickable & meter with no limit,1,1,1,1,1,1,1,0.8,1,0.8,1,1,5.93333333333333,2018-04-03T21:26:41Z,2,37.486078,5.018995,100,12.366850929264311
7,28,34,13.60690912339918,2.75,2.7941176470588234,2,1,93.33333333333333,94.44444444444444,2.023430342453795,1.9092096235091622,2.057127727578783,0.8265158540893829,3.7801335490526764,3.010492026715381,4,Clickable & meter with high limit,1,1,1,1,1,1,0.8,1,0.8,1,1,1,6.25,2018-04-02T18:58:28Z,2,37.427997,5.586509,37.427997,36.35489530310473
8,28,34,7.741197050016681,2.6944444444444446,2.676470588235294,3,1,93.33333333333333,94.44444444444444,0.43199349362366946,2.168156853792091,1.2796946596288703,1.5418069584736256,2.154824834800105,0.16472024969831967,4,Clickable & meter with high limit,1,1,1,1,1,1,1,1,0.8,1,1,0.8,21.3333333333333,2018-04-02T18:57:23Z,2,37.086539,4.515997,37.086539,20.873333718243916
9,26,32,6.001402924186231,1.5142857142857142,1.53125,1.3333333333333333,1,89.65517241379311,91.42857142857143,0.9908234126984115,1.4541767373628347,1.3892645411078282,0.06313131313131226,1.5404600283927297,0.5635468914931151,3,Clickable & meter with no limit,1,1,1,1,1,1,1,0.8,0.8,1,1,0.8,6.58333333333333,2018-04-03T21:26:39Z,2,35.685805,6.00199,100,6.001402924186231
15,25,31,8.18119358607913,2.6944444444444446,2.774193548387097,2.2,1,83.33333333333334,86.11111111111111,0.7510079808357673,1.7782419487308014,0.5034013943762319,0.9286094310035833,2.9057376683655463,1.3141951627672004,3,Clickable & meter with no limit,1,1,1,1,1,1,1,0.8,0.8,0.8,0.8,0.8,10.15,2018-04-03T21:26:40Z,2,37.615918,5.056235,100,8.18119358607913
16,26,32,11.911991150032325,2.111111111111111,2.15625,1.75,1,86.66666666666667,88.88888888888889,1.7201646923470322,1.876215623973747,2.6185654829277496,2.1027921303656596,2.050335297189868,1.5439179232282685,4,Clickable & meter with high limit,1,1,1,1,1,1,1,0.6,0.8,1,0.8,1,9.63333333333333,2018-04-02T19:00:38Z,2,37.486078,5.018995,37.486078,31.777107090350516
26,27,33,1.7325151020003964,2,2.0303030303030303,1.6666666666666667,1,90,91.66666666666666,0.1659517973856209,0.12378688849277075,0.7112949346405234,0,0.7314814814814813,0,4,Clickable & meter with high limit,1,1,1,1,1,1,0.8,0.8,0.8,1,1,1,10.7666666666667,2018-04-02T19:05:11Z,2,37.486078,5.018995,37.486078,4.621756114364368
28,27,33,0,2.5555555555555554,2.606060606060606,2,1,90,91.66666666666666,0,0,0,0,0,0,1,Full disclosure,1,1,1,1,1,1,0.8,0.6,1,1,1,1,6.23333333333333,2018-04-07T18:48:42Z,2,37.086539,4.515997,100,0
30,26,32,2.020871435309749,3,3,3,1,86.66666666666667,88.88888888888889,0,0.4754585894936767,0.3713207342239602,0.3323412698412698,0.8417508417508425,0,5,Clickable & meter wih limit,1,1,1,1,1,1,0.8,0.8,0.8,1,1,0.8,4.38333333333333,2018-04-06T21:34:06Z,2,36.319067,5.675096,5.675096,35.609466964254864
34,26,32,10.939455863519253,2.7777777777777777,2.875,2,1,86.66666666666667,88.88888888888889,0.9178731988863285,2.1704995595753758,1.2840495707352144,1.8633261494252875,2.036017087219483,2.667690297677564,4,Clickable & meter with high limit,1,1,1,1,1,1,0.8,0.8,0.8,1,1,0.8,8.46666666666667,2018-04-02T19:00:51Z,2,36.234488,5.093492,36.234488,30.190728411891048
41,26,32,8.839265668032652,2.5277777777777777,2.53125,2.5,1,86.66666666666667,88.88888888888889,1.1677238252339088,1.4810625455786774,1.4785076275841387,0.019290123456790376,1.1703996486605162,3.5222818975186208,3,Clickable & meter with no limit,1,1,1,1,1,1,1,0.8,0.6,1,0.8,1,14.3333333333333,2018-04-03T21:33:14Z,2,36.886574,6.475996,100,8.839265668032652
48,23,29,4.900243018093845,2,2.103448275862069,1.5714285714285714,1,76.66666666666667,80.55555555555556,0.48041292111500905,0.2422868789092698,0.8838383838383841,0,0.727007232251321,2.566697601979861,3,Clickable & meter with no limit,1,1,1,1,1,1,1,0.4,0.8,0.8,0.8,0.8,11.1,2018-04-03T21:31:59Z,2,37.086539,4.515997,100,4.900243018093845
49,23,29,1.7848685994861933,3,3,3,1,76.66666666666667,80.55555555555556,0.8670613892558515,0.414970838632715,0.24444727108176334,2.3888697779317347e-4,0.2581502135380702,0,4,Clickable & meter with high limit,1,1,1,1,1,1,0.8,0.8,0.6,1,0.6,0.8,9.65,2018-04-02T18:58:00Z,2,35.685805,6.00199,35.685805,5.001620670981622
51,29,35,0,2.2777777777777777,2.2857142857142856,2,1,96.66666666666667,97.22222222222221,0,0,0,0,0,0,1,Full disclosure,1,1,1,1,1,1,1,1,1,1,0.8,1,11.6,2018-04-07T19:12:06Z,2,36.886574,6.475996,100,0
52,27,33,2.7854393652467118,1.5277777777777777,1.5757575757575757,1,1,90,91.66666666666666,1.3374482099488536,4.5239026010124306e-4,0.5850216356163884,0,0.43068910256410264,0.43182802685726585,3,Clickable & meter with no limit,1,1,1,1,1,1,1,0.8,0.8,1,0.8,1,14.4666666666667,2018-04-03T21:38:09Z,2,37.772831,5.606789,100,2.7854393652467118
55,27,33,8.18533216156743,1.8888888888888888,1.9393939393939394,1.3333333333333333,1,90,91.66666666666666,0.6642133204633209,2.199117369606223,2.286521981610864,1.0182151657706089,1.5912535413814188,0.4260107827349944,4,Clickable & meter with high limit,1,1,1,1,1,1,1,0.8,0.8,1,1,0.8,9.13333333333333,2018-04-02T19:00:46Z,2,37.615918,5.056235,37.615918,21.76028818854675
59,25,31,13.0122768162033,2.0555555555555554,2.193548387096774,1.2,1,83.33333333333334,86.11111111111111,1.0443927384622012,2.4050013328270023,2.7542070698434604,1.7250087077673273,2.8982950779840513,2.1853718893192577,4,Clickable & meter with high limit,1,1,1,1,1,1,1,0.8,0.6,1,0.8,0.8,11.5166666666667,2018-04-02T19:03:33Z,2,35.685805,6.00199,35.685805,36.46345323078266
61,27,33,6.339873830115811,2.6944444444444446,2.757575757575758,2,1,90,91.66666666666666,0.6947221505561298,0.636321273030716,1.8643341780685105,1.015592001255084,1.1706610814622243,0.958243145743146,3,Clickable & meter with no limit,1,1,1,1,1,1,1,0.8,0.8,1,0.8,1,5.33333333333333,2018-04-03T21:30:05Z,2,36.886574,6.475996,100,6.339873830115811
62,23,29,10.832825214747825,2.5833333333333335,2.7586206896551726,1.8571428571428572,1,76.66666666666667,80.55555555555556,1.37575075075075,1.1427931387608794,5.079941675043823,0.03003540597525678,1.6526337872104007,1.551670457006714,3,Clickable & meter with no limit,1,1,1,1,1,1,0.8,0.6,0.6,1,0.6,1,9.15,2018-04-03T21:45:59Z,2,37.772831,5.606789,100,10.832825214747825
73,25,31,3.905110324724966,1.6666666666666667,1.7741935483870968,1,1,83.33333333333334,86.11111111111111,0.9853118466929706,1.043916969718636,1.231060550992403,0.018768768768768318,0.597117003367003,0.02893518518518512,2,Clickable w/out meter,1,1,1,1,1,1,1,0.8,0.4,1,1,0.8,16.4166666666667,2018-04-06T19:03:56Z,2,36.06573,5.752679,100,3.905110324724966
77,26,32,3.967768767338141,3,3,3,1,86.66666666666667,88.88888888888889,0.7450319454752304,1.0259835171277318,0.9642831965429904,0.13020833333333326,0.9678531727083175,0.13440860215053752,5,Clickable & meter wih limit,1,1,1,1,1,1,0.8,0.8,1,1,0.8,0.8,10.9333333333333,2018-04-06T21:36:51Z,2,37.427997,5.586509,5.586509,71.02411841345177
78,26,32,0.5576767708785827,2.3055555555555554,2.375,1.75,1,86.66666666666667,88.88888888888889,0.20238970807230217,0.18555190122782897,0.130906750019683,0.019290123456790598,2.481646451883712e-4,0.0192901234567896,3,Clickable & meter with no limit,1,1,1,1,1,1,1,0.8,0.8,1,0.8,0.8,7.85,2018-04-03T21:32:56Z,2,37.086539,4.515997,100,0.5576767708785827
79,28,34,1.3871849531971763,3,3,3,1,93.33333333333333,94.44444444444444,2.4591306537521555e-4,0.736055975128392,0.255790219252669,0.06313131313131293,0.2577861952861953,0.07417533733323178,4,Clickable & meter with high limit,1,1,1,1,1,1,1,0.8,1,1,1,0.8,7.45,2018-04-02T18:58:36Z,2,35.685805,6.00199,35.685805,3.8872177696346664
81,25,31,0,2.4166666666666665,2.5161290322580645,1.8,1,83.33333333333334,86.11111111111111,0,0,0,0,0,0,1,Full disclosure,1,1,1,1,1,1,0.8,0.8,0.8,1,0.6,1,10.3666666666667,2018-04-07T19:13:14Z,2,36.886574,6.475996,100,0
82,26,32,0.25711042628152614,2.4166666666666665,2.375,2.75,1,86.66666666666667,88.88888888888889,0.19538352621750454,0.06172690006402159,0,0,0,0,3,Clickable & meter with no limit,1,1,1,1,1,1,0.8,1,0.8,0.8,1,0.8,11.35,2018-04-03T21:31:41Z,2,37.772831,5.606789,100,0.25711042628152614
85,23,29,2.5059368678896816,1.75,1.793103448275862,1.5714285714285714,1,76.66666666666667,80.55555555555556,0.42761539181817876,1.0755431496176855,0.470295366121008,0.09600332962993452,0.43624343327962045,2.3619742325453608e-4,4,Clickable & meter with high limit,1,1,1,1,1,1,0.8,0.6,0.6,1,0.6,1,12.15,2018-04-02T18:59:37Z,2,37.615918,5.056235,37.615918,6.661905387739525
87,20,25,3.9933203616965396,2.0833333333333335,2.32,1.5454545454545454,0.8333333333333334,66.66666666666666,69.44444444444444,2.023430342453794,0.163398692810458,1.8064913264322875,0,0,0,2,Clickable w/out meter,1,0,1,1,1,1,0.8,0.6,0.6,0.4,0.8,0.8,5.18333333333333,2018-04-06T19:02:31Z,2,37.427997,5.586509,100,3.9933203616965396
90,25,31,0,2.0555555555555554,2.129032258064516,1.6,1,83.33333333333334,86.11111111111111,0,0,0,0,0,0,1,Full disclosure,1,1,1,1,1,1,0.8,0.8,1,0.8,0.8,0.8,5.31666666666667,2018-04-07T19:13:39Z,2,36.319067,5.675096,100,0
91,27,33,0,2.6944444444444446,2.787878787878788,1.6666666666666667,1,90,91.66666666666666,0,0,0,0,0,0,1,Full disclosure,1,1,1,1,1,1,1,1,0.8,1,0.8,0.8,6.11666666666667,2018-04-07T18:50:30Z,2,36.886574,6.475996,100,0
93,27,33,1.8336099378622115,2.6666666666666665,2.757575757575758,1.6666666666666667,1,90,91.66666666666666,0.3959837987252164,0.5660624967335735,0.4629519981056233,0.018768768768768984,0.36090769034384407,0.02893518518518534,4,Clickable & meter with high limit,1,1,1,1,1,1,1,1,0.6,1,1,0.8,13.1166666666667,2018-04-02T19:00:10Z,2,36.06573,5.752679,36.06573,5.084078258951673
99,27,33,0,2.0833333333333335,2.1515151515151514,1.3333333333333333,1,90,91.66666666666666,0,0,0,0,0,0,1,Full disclosure,1,1,1,1,1,1,1,1,0.6,1,0.8,1,6.86666666666667,2018-04-07T18:50:06Z,2,35.685805,6.00199,100,0
100,25,31,8.659474220311317,1.9444444444444444,1.967741935483871,1.8,1,83.33333333333334,86.11111111111111,1.532575993360306,2.0815132901429902,0.7180098335284191,0.34816320385426014,2.1906189874939885,1.7885929119313533,4,Clickable & meter with high limit,1,1,1,1,1,1,1,0.8,0.6,0.8,0.8,1,7.5,2018-04-02T18:58:34Z,2,36.319067,5.675096,36.319067,23.842777184533176
102,24,30,4.549455827613486,1.9444444444444444,2.033333333333333,1.5,1,80,83.33333333333334,0.3935753935753935,1.0027846460536047,0.681267130508117,0.0957854406130263,0.8243727598566307,1.551670457006714,3,Clickable & meter with no limit,1,1,1,1,1,1,0.8,0.8,0.6,1,0.6,1,8.6,2018-04-03T21:33:47Z,2,37.772831,5.606789,100,4.549455827613486
108,27,33,0,2,2.0303030303030303,1.6666666666666667,1,90,91.66666666666666,0,0,0,0,0,0,1,Full disclosure,1,1,1,1,1,1,1,0.6,0.8,1,1,1,6.18333333333333,2018-04-07T19:00:52Z,2,37.086539,4.515997,100,0
110,26,32,3.2377280329362783,1.5,1.53125,1.25,1,86.66666666666667,88.88888888888889,0.5866765246507852,0.8330141471588836,0.6179744094189215,0.07716049382716006,1.054819023569023,0.06808343431150493,3,Clickable & meter with no limit,1,1,1,1,1,1,0.8,0.8,0.8,1,1,0.8,16.4833333333333,2018-04-03T21:26:39Z,2,36.319067,5.675096,100,3.2377280329362783
111,24,30,12.617202956383759,1.8611111111111112,1.9333333333333333,1.5,1,80,83.33333333333334,0.6155539409067621,2.09939981613369,4.920026130382357,1.566453049930062,2.4931509714118416,0.9226190476190457,3,Clickable & meter with no limit,1,1,1,1,1,1,1,0.6,0.8,1,0.4,1,9.33333333333333,2018-04-03T21:26:38Z,2,36.886574,6.475996,100,12.617202956383759
112,27,32,2.631981873203056,2.611111111111111,2.6875,2,0.8333333333333334,90,88.88888888888889,0.42060875144272925,0.8942695945611752,1.0593173319129567,0,0.25778619528619506,0,4,Clickable & meter with high limit,1,0,1,1,1,1,1,0.8,0.8,1,1,0.8,8.28333333333333,2018-04-02T18:58:27Z,2,37.772831,5.606789,37.772831,6.967923249393344
119,20,25,4.383259497301835,2.2333333333333334,2.36,1.6,1,80,83.33333333333334,0.5347201194145812,1.0945367269381139,1.2093335989701475,0.06313131313131226,0.8524397413286302,0.62909799751905,3,Clickable & meter with no limit,0,1,1,1,1,1,1,0.75,0.6,0.75,1,0.75,7.16666666666667,2018-04-03T21:27:07Z,2,35.685805,6.00199,100,4.383259497301835
121,24,30,5.728714531448998,2.8055555555555554,2.9,2.3333333333333335,1,80,83.33333333333334,0.6052909724152722,0.48109393195742056,2.1385616889446624e-4,0.9856630824372765,1.67223186546858,1.9842208230015541,2,Clickable w/out meter,1,1,1,1,1,1,1,0.6,0.6,1,0.6,1,12.7166666666667,2018-04-06T18:50:22Z,2,36.886574,6.475996,100,5.728714531448998
122,26,32,0,2.5277777777777777,2.5625,2.25,1,86.66666666666667,88.88888888888889,0,0,0,0,0,0,1,Full disclosure,1,1,1,1,1,1,1,1,0.6,1,0.8,0.8,10.9166666666667,2018-04-07T19:00:36Z,2,37.772831,5.606789,100,0
125,26,32,32.901212864210756,2.4722222222222223,2.625,1.25,1,86.66666666666667,88.88888888888889,2.9552056289664064,4.99631906363788,2.7090301088603708,9.323026976756806,3.818654276846667,9.098976809142625,4,Clickable & meter with high limit,1,1,1,1,1,1,0.8,1,0.6,1,0.8,1,10.3333333333333,2018-04-02T19:02:00Z,2,37.615918,5.056235,37.615918,87.46619679522577
127,26,32,3.075161996577549,2.5555555555555554,2.53125,2.75,1,86.66666666666667,88.88888888888889,0.7450319454752293,1.0115159245351384,0.5703794727727807,0,0.6138260516438627,0.13440860215053796,3,Clickable & meter with no limit,1,1,1,1,1,1,0.8,0.8,0.8,1,1,0.8,9.48333333333333,2018-04-03T21:38:11Z,2,37.427997,5.586509,100,3.075161996577549
130,24,30,0,1.9722222222222223,2.1333333333333333,1.1666666666666667,1,80,83.33333333333334,0,0,0,0,0,0,1,Full disclosure,1,1,1,1,1,1,0.4,0.8,1,0.8,0.8,1,7.56666666666667,2018-04-07T18:49:55Z,2,36.319067,5.675096,100,0
131,27,33,7.582124573784993,2.1944444444444446,2.303030303030303,1,1,90,91.66666666666666,0.8880859284085085,1.133477542669089,1.6980197293670714,1.4527972214464162,2.022839389989147,0.386904761904761,4,Clickable & meter with high limit,1,1,1,1,1,1,1,1,0.6,1,0.8,1,11.0833333333333,2018-04-02T18:59:39Z,2,36.886574,6.475996,36.886574,20.555242061203604
132,25,31,8.853042297198478,2.0555555555555554,2.064516129032258,2,1,83.33333333333334,86.11111111111111,1.589973462474108,2.4680366333951027,1.3218175532226901,1.1494252873563227,1.388049161486662,0.9357401992635923,3,Clickable & meter with no limit,1,1,1,1,1,1,0.8,0.8,0.8,0.6,1,1,6,2018-04-03T21:29:59Z,2,37.772831,5.606789,100,8.853042297198478
141,30,36,6.306779529989154,2.2222222222222223,2.2222222222222223,NaN,1,100,100,0.4563492063492056,1.1973905723905731,2.579862324811079,0.039682539682539986,1.170399648660518,0.8630952380952381,5,Clickable & meter wih limit,1,1,1,1,1,1,1,1,1,1,1,1,11.45,2018-04-06T20:16:40Z,2,36.886574,6.475996,6.475996,97.38702015858493
147,23,29,4.557008377266486,2.25,2.3793103448275863,1.7142857142857142,1,76.66666666666667,80.55555555555556,0.7719136659053375,0.6029541446208128,0.16615583156190958,0.938336343934068,0.9675328994084358,1.1101154918359226,5,Clickable & meter wih limit,1,1,1,1,1,1,0.8,0.8,0.6,0.8,0.8,0.8,8.56666666666667,2018-04-06T21:36:11Z,2,37.427997,5.586509,5.586509,81.57166447358244
149,28,34,18.31670484850536,2.111111111111111,2.1470588235294117,1.5,1,93.33333333333333,94.44444444444444,1.9703186643881285,4.130407321245765,2.7257330365519823,1.3710379658655505,2.9542546448252915,5.164953215628642,4,Clickable & meter with high limit,1,1,1,1,1,1,1,1,0.8,1,0.8,1,16.95,2018-04-02T19:01:18Z,2,35.685805,6.00199,35.685805,51.327705367737565
151,25,30,1.2333479724784073,2.942857142857143,2.933333333333333,3,1,83.33333333333334,85.71428571428571,0.6944444444444449,0,0,0,0.5389035280339625,0,3,Clickable & meter with no limit,0,1,1,1,1,1,1,0.8,0.6,1,0.8,0.8,4.65,2018-04-03T21:26:40Z,2,36.886574,6.475996,100,1.2333479724784073
153,24,30,6.229433678221901,2.361111111111111,2.466666666666667,1.8333333333333333,1,80,83.33333333333334,0.985311846692971,2.8237465920795293,1.231060550992403,0.47756903061524847,0.6828104726565635,0.028935185185186008,4,Clickable & meter with high limit,1,1,1,1,1,1,1,0.6,0.4,1,1,0.8,9.85,2018-04-02T18:59:44Z,2,36.06573,5.752679,36.06573,17.272445832156734
157,17,22,0.20833333333333334,2.25,2.3181818181818183,2.142857142857143,0.8333333333333334,56.666666666666664,61.111111111111114,0,0,0.20833333333333334,0,0,0,5,Clickable & meter wih limit,1,1,1,0,1,1,0.6,0.8,0.6,0.2,0.6,0.6,4.53333333333333,2018-04-06T21:47:48Z,2,37.427997,5.586509,5.586509,3.729222191055869
160,26,32,5.298704223844957,1.6944444444444444,1.78125,1,1,86.66666666666667,88.88888888888889,0.9931219310961916,2.0305637547962103,0.3715325299125265,0.09021577380952417,0.8419864504467205,0.9712837837837833,3,Clickable & meter with no limit,1,1,1,1,1,1,0.8,0.8,0.8,1,1,0.8,14.05,2018-04-03T21:29:03Z,2,36.319067,5.675096,100,5.298704223844957
162,26,32,3.0551979852768056,2.25,2.3125,1.75,1,86.66666666666667,88.88888888888889,0.22522522522522523,1.2324793465144344,0,0,0.3739316239316236,1.2235617896055224,4,Clickable & meter with high limit,1,1,1,1,1,1,0.8,0.8,1,1,0.8,0.8,8.73333333333333,2018-04-02T19:00:57Z,2,37.772831,5.606789,37.772831,8.088347906136043
165,24,30,4.537726207035036,2.2222222222222223,2.3,1.8333333333333333,1,80,83.33333333333334,0.2663321285128555,0.8342312954026053,0.930065481063538,0.3909750224014332,2.046214082881531,0.06990819677307347,5,Clickable & meter wih limit,1,1,1,1,1,1,0.8,0.6,0.8,1,0.8,0.8,14.9666666666667,2018-04-06T21:34:35Z,2,37.615918,5.056235,5.056235,89.74516032255298
167,27,33,1.032169741727585,2.25,2.303030303030303,1.6666666666666667,1,90,91.66666666666666,0.4606453156121445,0.001144953342660071,0.5703794727727804,0,0,0,3,Clickable & meter with no limit,1,1,1,1,1,1,0.8,1,1,1,0.8,0.8,11.95,2018-04-03T21:32:57Z,2,37.427997,5.586509,100,1.032169741727585
173,25,31,8.867679520553231,2.9444444444444446,2.967741935483871,2.8,1,83.33333333333334,86.11111111111111,1.6131337748391834,1.6346460997593777,1.2310605509924026,0.7704170256691283,1.0884853764195341,2.5299366928736053,3,Clickable & meter with no limit,1,1,1,1,1,1,1,0.8,0.6,0.8,0.8,1,5.3,2018-04-03T21:26:40Z,2,36.06573,5.752679,100,8.867679520553231
179,26,32,9.369191056203539,2.7777777777777777,2.78125,2.75,1,86.66666666666667,88.88888888888889,0.20237884957331162,1.479700135965221,2.6583721912631058,1.541498655913978,2.010771609815423,1.4764696136724993,3,Clickable & meter with no limit,1,1,1,1,1,1,0.8,0.6,1,1,0.8,1,10.0666666666667,2018-04-03T21:26:39Z,2,35.685805,6.00199,100,9.369191056203539
185,29,35,9.615140332467242,2.25,2.257142857142857,2,1,96.66666666666667,97.22222222222221,1.6130769463530092,2.0485272190160715,1.33651972942955,0,3.766277591405468,0.8507388462631429,2,Clickable w/out meter,1,1,1,1,1,1,1,1,1,1,0.8,1,12.5,2018-04-06T19:45:05Z,2,37.615918,5.056235,100,9.615140332467242
190,22,28,7.059881086916773,2.5833333333333335,2.642857142857143,2.375,1,73.33333333333333,77.77777777777779,0.7475549142215804,1.0454441594792465,0.5410546741191915,0.9555811571940592,1.3941562116434776,2.376089970259218,4,Clickable & meter with high limit,1,1,1,1,1,1,0.8,0.6,0.6,0.8,0.8,0.8,8.88333333333333,2018-04-02T18:40:15Z,2,36.319067,5.675096,36.319067,19.438497929797517
191,28,34,7.618313045525142,2,2,2,1,93.33333333333333,94.44444444444444,0.4317367220593031,0.8622418501450761,2.0043518079274705,0.645342312008979,2.8521295308734915,0.8225108225108224,4,Clickable & meter with high limit,1,1,1,1,1,1,1,1,0.8,1,0.8,1,11.9666666666667,2018-04-02T18:58:28Z,2,36.886574,6.475996,36.886574,20.653349496554334
192,24,30,2.192572190628701,2.138888888888889,2.2,1.8333333333333333,1,80,83.33333333333334,2.777061116842061e-4,1.1213104429189136,1.0310077989080444,0.018274853801169444,0.021701388888889284,0,5,Clickable & meter wih limit,1,1,1,1,1,1,0.8,0.4,1,1,0.6,1,5.88333333333333,2018-04-06T21:33:21Z,2,37.772831,5.606789,5.606789,39.10566619554795
197,26,32,7.946322343998373,2.6944444444444446,2.75,2.25,1,86.66666666666667,88.88888888888889,1.0739467891286725,2.153190816918827,1.5151473364104189,2.5296519199002887e-4,1.6711130207908784,1.5326714155575862,2,Clickable w/out meter,1,1,1,1,1,1,0.8,1,0.8,1,0.8,0.8,11.9333333333333,2018-04-06T19:02:37Z,2,37.427997,5.586509,100,7.946322343998373
200,26,32,6.136067494939267,3,3,3,1,86.66666666666667,88.88888888888889,0.9931219310961916,0.8012905584399941,0.7180098335284208,0.4513888888888884,1.966741557734205,1.2055147252515672,3,Clickable & meter with no limit,1,1,1,1,1,1,0.8,0.8,0.8,0.8,1,1,9.93333333333333,2018-04-03T21:30:45Z,2,36.319067,5.675096,100,6.136067494939267
202,26,32,2.5863436715340913,2.0555555555555554,2.09375,1.75,1,86.66666666666667,88.88888888888889,2.7770611168398407e-4,0.5024045151960965,0.8871038897629318,0,0.2801074846565784,0.9164500758068006,3,Clickable & meter with no limit,1,1,1,1,1,1,0.8,0.8,0.6,1,1,1,17.6166666666667,2018-04-03T21:31:05Z,2,37.772831,5.606789,100,2.5863436715340913
207,24,29,3.585372320311886,3,3,3,0.8333333333333334,80,80.55555555555556,0.44372957516339884,0.6361476787722007,9.963334927465262e-5,0.4385964912280693,0.21494708994709022,1.851851851851852,4,Clickable & meter with high limit,1,0,1,1,1,1,1,0.8,0.4,1,0.6,1,14.5333333333333,2018-04-02T18:58:57Z,2,37.427997,5.586509,37.427997,9.579386041716008
209,30,36,3.262259106218145,1.9166666666666667,1.9166666666666667,NaN,1,100,100,0.736853055922517,0.6510040671598152,0.3286997220621557,0,1.289577416133023,0.25612484494063437,4,Clickable & meter with high limit,1,1,1,1,1,1,1,1,1,1,1,1,10.4833333333333,2018-04-02T19:20:10Z,2,35.685805,6.00199,35.685805,9.141615570163388
210,24,30,0.11631513647642708,2.9722222222222223,2.966666666666667,3,1,80,83.33333333333334,0,0.02670940170940171,0.08960573476702537,0,0,0,3,Clickable & meter with no limit,1,1,1,1,1,1,1,0.6,0.8,0.8,0.8,0.8,15.85,2018-04-03T21:26:53Z,2,36.319067,5.675096,100,0.11631513647642708
211,27,33,8.260307496642765,2.9444444444444446,2.9393939393939394,3,1,90,91.66666666666666,0.9416870472186065,2.066067985926856,1.6978058731981767,0.7610830527497194,1.871044489930358,0.9226190476190488,2,Clickable w/out meter,1,1,1,1,1,1,1,0.6,1,1,0.8,1,8.7,2018-04-06T19:02:31Z,2,36.886574,6.475996,100,8.260307496642765
213,27,33,2.9964809158490193,2.8055555555555554,2.8181818181818183,2.6666666666666665,1,90,91.66666666666666,0.8172460536271778,0.3725403677275736,0.6519883388556746,0.030860692625399366,0.6995910188844965,0.4242544441286974,4,Clickable & meter with high limit,1,1,1,1,1,1,1,0.8,0.8,1,0.8,1,14.8166666666667,2018-04-02T19:00:06Z,2,36.06573,5.752679,36.06573,8.308388367153581
214,27,33,5.864913541148618,2.6944444444444446,2.727272727272727,2.3333333333333335,1,90,91.66666666666666,0.56161315686433,1.0928480089217678,0.32467532467532534,0.4040948275862073,1.1703996486605188,2.311282574440469,3,Clickable & meter with no limit,1,1,1,1,1,1,1,0.8,0.8,1,1,0.8,10.75,2018-04-03T21:30:01Z,2,36.234488,5.093492,100,5.864913541148618
223,24,30,21.98077791989678,2.9166666666666665,2.966666666666667,2.6666666666666665,1,80,83.33333333333334,2.2926243210576733,3.7298598472795925,3.507449220741765,4.976810912375929,3.513497505095453,3.9605361133463677,2,Clickable w/out meter,1,1,1,1,1,1,1,0.8,0.6,0.8,1,0.6,9.1,2018-04-06T19:12:04Z,2,36.06573,5.752679,100,21.98077791989678
225,30,36,9.595789940575392,2.361111111111111,2.361111111111111,NaN,1,100,100,1.6994114650364647,2.274412444901299,1.6924631568927728,0.3426035358216968,3.148419866692906,0.43847947123025266,4,Clickable & meter with high limit,1,1,1,1,1,1,1,1,1,1,1,1,13.9666666666667,2018-04-02T18:58:29Z,2,37.615918,5.056235,37.615918,25.50991827602185
232,18,24,0.28502674086071855,2.2222222222222223,2.5416666666666665,1.5833333333333333,1,60,66.66666666666666,0.22550293133690946,0.05952380952380909,0,0,0,0,3,Clickable & meter with no limit,1,1,1,1,1,1,0.8,0.2,0.6,0.6,0.8,0.6,8.33333333333333,2018-04-03T21:35:12Z,2,37.772831,5.606789,100,0.28502674086071855
233,23,29,16.33150702205276,3,3,3,1,76.66666666666667,80.55555555555556,2.7187908162172842,2.7317169917778754,1.6023812852163597,5.359079715697366,1.904683067617226,2.01485514552665,4,Clickable & meter with high limit,1,1,1,1,1,1,1,0.6,0.8,0.6,0.8,0.8,12.15,2018-04-02T19:03:42Z,2,36.06573,5.752679,36.06573,45.28261876871135
239,25,30,0.061274509803921566,2.0833333333333335,2.1666666666666665,1.6666666666666667,0.8333333333333334,83.33333333333334,83.33333333333334,0,0.061274509803921566,0,0,0,0,4,Clickable & meter with high limit,1,0,1,1,1,1,1,0.8,0.6,1,0.8,0.8,7.86666666666667,2018-04-02T18:45:02Z,2,35.685805,6.00199,35.685805,0.1717055557634795
242,27,33,5.036975416531058,2.9444444444444446,2.9393939393939394,3,1,90,91.66666666666666,0.5864197530864192,1.2615212051933906,1.0292154710660661,0,0.5971170033670026,1.562701983818179,5,Clickable & meter wih limit,1,1,1,1,1,1,1,0.6,1,1,0.8,1,7.58333333333333,2018-04-06T21:41:30Z,2,37.772831,5.606789,5.606789,89.83707816597088
243,27,33,0,1.5,1.5454545454545454,1,1,90,91.66666666666666,0,0,0,0,0,0,1,Full disclosure,1,1,1,1,1,1,1,0.8,0.6,1,1,1,16.1333333333333,2018-04-07T18:52:46Z,2,36.06573,5.752679,100,0
249,26,32,0,2.7222222222222223,2.8125,2,1,86.66666666666667,88.88888888888889,0,0,0,0,0,0,1,Full disclosure,1,1,1,1,1,1,1,0.8,0.8,1,0.8,0.8,7.21666666666667,2018-04-07T18:59:56Z,2,35.685805,6.00199,100,0
250,29,35,5.44479041628504,1.6388888888888888,1.6571428571428573,1,1,96.66666666666667,97.22222222222221,0.9931219310961917,1.3247372348249544,1.145243585881646,0.05952380952380931,1.3759021327098755,0.5462617222485627,5,Clickable & meter wih limit,1,1,1,1,1,1,0.8,1,1,1,1,1,19.7,2018-04-06T21:32:48Z,2,36.319067,5.675096,5.675096,95.94182047819173
252,21,27,13.620922288308229,2.4444444444444446,2.5185185185185186,2.2222222222222223,1,70,75,1.6049951466618155,2.28013698483858,3.234909989488408,1.1296200270791958,2.621409635018506,2.7498505052217235,2,Clickable w/out meter,1,1,1,1,1,1,0.6,0.6,0.4,0.8,1,0.8,8.05,2018-04-06T19:07:11Z,2,37.772831,5.606789,100,13.620922288308229
254,20,26,0,1.5555555555555556,1.6538461538461537,1.3,1,66.66666666666666,72.22222222222221,0,0,0,0,0,0,1,Full disclosure,1,1,1,1,1,1,0.8,0.6,0.6,0.6,0.6,0.8,13.383333333333301,2018-04-07T19:17:48Z,2,36.234488,5.093492,100,0
258,22,26,3.9558506668572684,2.7222222222222223,2.730769230769231,2.7,0.6666666666666666,73.33333333333333,72.22222222222221,0.8883426999728753,1.3466729152900176,0.8932292228684736,0.03173267062155993,0.7765830346475511,0.01929012345679082,5,Clickable & meter wih limit,0,0,1,1,1,1,1,0.6,0.6,0.8,0.8,0.6,9.48333333333333,2018-04-06T21:34:40Z,2,37.086539,4.515997,4.515997,87.59639713793584
261,27,33,7.447204284739899e-4,1.5555555555555556,1.5757575757575757,1.3333333333333333,1,90,91.66666666666666,2.7770611168443987e-4,2.53158147894942e-4,2.1385616889460805e-4,0,0,0,2,Clickable w/out meter,1,1,1,1,1,1,0.8,0.6,1,1,1,1,5.76666666666667,2018-04-06T19:02:49Z,2,36.886574,6.475996,100,7.447204284739899e-4
262,26,32,0,2.6666666666666665,2.6875,2.5,1,86.66666666666667,88.88888888888889,0,0,0,0,0,0,1,Full disclosure,1,1,1,1,1,1,1,0.8,0.8,0.8,0.8,1,11.1833333333333,2018-04-07T19:05:50Z,2,37.772831,5.606789,100,0
265,26,32,0,1.6388888888888888,1.6875,1.25,1,86.66666666666667,88.88888888888889,0,0,0,0,0,0,1,Full disclosure,1,1,1,1,1,1,1,0.8,0.8,1,0.8,0.8,6.95,2018-04-07T18:57:15Z,2,37.615918,5.056235,100,0
266,21,27,4.364347728512475,2.111111111111111,2.074074074074074,2.2222222222222223,1,70,75,2.1085616244452865,0.4113813786082347,0.6979364326375701,0.029975551394089917,0.4722370607787273,0.6442556806485663,2,Clickable w/out meter,1,1,1,1,1,1,1,0.6,0.6,0.8,0.6,0.6,7.56666666666667,2018-04-06T19:08:20Z,2,37.486078,5.018995,100,4.364347728512475
268,26,32,0,1.4722222222222223,1.53125,1,1,86.66666666666667,88.88888888888889,0,0,0,0,0,0,1,Full disclosure,1,1,1,1,1,1,1,0.6,0.8,1,0.8,1,9.08333333333333,2018-04-07T19:06:56Z,2,37.086539,4.515997,100,0
271,26,32,6.19023838267641,1.6666666666666667,1.71875,1.25,1,86.66666666666667,88.88888888888889,0.4563492063492074,1.1652343836129928,2.138834099004627,0,0.8524397413286302,1.5773809523809526,5,Clickable & meter wih limit,1,1,1,1,1,1,0.8,1,0.8,1,0.6,1,8.96666666666667,2018-04-06T21:36:15Z,2,36.886574,6.475996,6.475996,95.58743369632114
273,23,29,0,2.3333333333333335,2.4482758620689653,1.8571428571428572,1,76.66666666666667,80.55555555555556,0,0,0,0,0,0,1,Full disclosure,1,1,1,1,1,1,1,0.4,0.6,1,0.8,0.8,6.48333333333333,2018-04-07T19:12:45Z,2,36.06573,5.752679,100,0
274,26,32,4.352665885773863,2.0833333333333335,2.09375,2,1,86.66666666666667,88.88888888888889,0.9178731988863312,1.4559828360034637,0.5701960846518266,0.28766515386486624,1.1062970845579527,0.014651527809422582,5,Clickable & meter wih limit,1,1,1,1,1,1,1,0.8,0.6,1,1,0.8,8.38333333333333,2018-04-06T21:31:29Z,2,36.234488,5.093492,5.093492,85.45543775810118
276,23,29,0,3,3,3,1,76.66666666666667,80.55555555555556,0,0,0,0,0,0,1,Full disclosure,1,1,1,1,1,1,0.8,0.6,0.6,1,0.8,0.8,3.38333333333333,2018-04-07T19:10:05Z,2,37.486078,5.018995,100,0
280,20,26,4.886450096529504,2.657142857142857,2.769230769230769,2.3333333333333335,1,68.96551724137932,74.28571428571429,1.9190478570221174,0.5458119917149342,0.5376344086021501,0.9856630824372761,0.8417508417508408,0.05654191500218575,2,Clickable w/out meter,1,1,1,1,1,1,0.8,0.5,0.6,0.4,1,0.8,4.81666666666667,2018-04-06T19:03:05Z,2,36.319067,5.675096,100,4.886450096529504
282,24,30,0,1.8055555555555556,1.9333333333333333,1.1666666666666667,1,80,83.33333333333334,0,0,0,0,0,0,1,Full disclosure,1,1,1,1,1,1,0.6,1,0.8,0.8,1,0.6,16.5,2018-04-07T18:50:32Z,2,37.772831,5.606789,100,0
283,24,30,0.9927947427947427,1.9166666666666667,2.033333333333333,1.3333333333333333,1,80,83.33333333333334,0.15873015873015883,0,0.8152958152958151,0.01876876876876877,0,0,5,Clickable & meter wih limit,1,1,1,1,1,1,1,0.6,0.8,1,0.6,0.8,3.7,2018-04-06T21:38:55Z,2,36.06573,5.752679,5.752679,17.25795482061041
284,23,29,2.0568989627586403,2.3333333333333335,2.413793103448276,2,1,76.66666666666667,80.55555555555556,0,0.06152766795181619,0.07350470430107542,0.06510416666666696,1.544331272592141,0.31243115124694076,5,Clickable & meter wih limit,1,1,1,1,1,1,0.8,0.8,0.6,0.8,0.6,1,10.55,2018-04-06T21:35:58Z,2,36.234488,5.093492,5.093492,40.38288393814381
285,23,29,0,1.5555555555555556,1.6896551724137931,1,1,76.66666666666667,80.55555555555556,0,0,0,0,0,0,1,Full disclosure,1,1,1,1,1,1,1,0.8,0.6,0.8,0.6,0.8,6.25,2018-04-07T18:59:17Z,2,37.615918,5.056235,100,0
291,26,32,4.1877472115840755,1.8611111111111112,1.90625,1.5,1,86.66666666666667,88.88888888888889,0.8880859284085092,0.2852182539682544,1.6978058731981753,0,1.0851556745276547,0.23148148148148184,2,Clickable w/out meter,1,1,1,1,1,1,1,0.6,1,0.8,0.8,1,8.58333333333333,2018-04-06T19:03:07Z,2,36.886574,6.475996,100,4.1877472115840755
292,24,30,5.530221020533917,3,3,3,1,80,83.33333333333334,0.5866974591981046,1.8968814004096264,4.3073531687594477e-4,1.3512949039264832,0.6884752978502986,1.0064412238325282,5,Clickable & meter wih limit,1,1,1,1,1,1,0.8,0.6,0.8,1,0.8,0.8,11.8,2018-04-06T21:36:21Z,2,37.772831,5.606789,5.606789,98.63437023461944
295,25,31,10.036862378571387,1.5277777777777777,1.5483870967741935,1.4,1,83.33333333333334,86.11111111111111,1.207099957099956,2.692838991340593,1.921788983526576,0.9563577586206886,2.3513021844945765,0.9074745034889968,2,Clickable w/out meter,1,1,1,1,1,1,1,0.6,0.8,1,0.8,0.8,9.1,2018-04-06T19:03:14Z,2,37.615918,5.056235,100,10.036862378571387
296,24,30,3.9217602611569764,1.8888888888888888,1.9,1.8333333333333333,1,80,83.33333333333334,1.1190334719746489,0.7587075234134049,0.8565254058612699,0,0,1.1874938599076528,2,Clickable w/out meter,1,1,1,1,1,1,1,0.8,0.6,0.6,0.8,1,2.78333333333333,2018-04-06T19:07:09Z,2,37.486078,5.018995,100,3.9217602611569764
298,16,20,6.29049171802967,1.7777777777777777,1.85,1.6875,0.6666666666666666,53.333333333333336,55.55555555555556,0.4317367220593031,0.8417508417508417,0.407723063973064,0.9856630824372754,1.329471182412359,2.2941468253968265,2,Clickable w/out meter,0,1,0,1,1,1,0.2,0.6,0.6,0.6,0.6,0.6,3.73333333333333,2018-04-06T19:06:49Z,2,37.086539,4.515997,100,6.29049171802967
304,24,29,3.586248964582651,3,3,3,0.8333333333333334,80,80.55555555555556,0.5344742063492058,0,0.2489048187972922,0,1.2862484737484736,1.5166214656876793,5,Clickable & meter wih limit,1,1,1,1,1,0,0.8,0.8,0.8,0.8,0.8,0.8,4.38333333333333,2018-04-06T21:38:30Z,2,36.234488,5.093492,5.093492,70.40845385803395
306,27,33,2.813571119205759,2.638888888888889,2.6363636363636362,2.6666666666666665,1,90,91.66666666666666,2.567715643658095e-4,1.4587599560026034,0,0.7397102985338271,0.6148440931049626,0,5,Clickable & meter wih limit,1,1,1,1,1,1,1,0.8,1,1,0.8,0.8,10.1666666666667,2018-04-06T21:28:17Z,2,37.486078,5.018995,5.018995,56.058456308598814
309,29,35,7.118822392053806,2.25,2.257142857142857,2,1,96.66666666666667,97.22222222222221,0.9910693257637886,1.5432859147223912,1.57684858565228,0.06313131313131226,1.449556744695632,1.494930508088402,2,Clickable w/out meter,1,1,1,1,1,1,1,0.8,1,1,1,1,7.46666666666667,2018-04-06T19:02:36Z,2,35.685805,6.00199,100,7.118822392053806
310,21,27,1.4654124221446356,2,2.074074074074074,1.7777777777777777,1,70,75,0.4069030731987338,2.5315814789517166e-4,0.7177980378398536,0,0.34045815295815307,0,5,Clickable & meter wih limit,1,1,1,1,1,1,0.6,0.6,0.8,0.6,0.8,0.8,16.0833333333333,2018-04-06T21:28:45Z,2,36.319067,5.675096,5.675096,25.821808514686545
312,24,30,0,1.911764705882353,1.9666666666666666,1.5,1,85.71428571428571,88.23529411764706,0,0,0,0,0,0,1,Full disclosure,1,1,1,1,1,1,0.8,1,0.8,0.8,0.6666666666666666,1,5.76666666666667,2018-04-07T19:02:57Z,2,37.772831,5.606789,100,0
315,24,30,4.011235972174153,2.361111111111111,2.5,1.6666666666666667,1,80,83.33333333333334,0.5107007092784959,1.0159575354431967,0.470295366121008,0.03255208333333348,1.575009618719915,0.4067206592782038,2,Clickable w/out meter,1,1,1,1,1,1,0.8,0.8,0.8,0.8,0.6,1,7.01666666666667,2018-04-06T19:02:33Z,2,37.615918,5.056235,100,4.011235972174153
317,25,31,5.552459205105712,2.861111111111111,2.935483870967742,2.4,1,83.33333333333334,86.11111111111111,0.3537180124946311,1.1728515025373838,1.4475241629907356,1.464023321233948,0.5481055768412089,0.5662366290078045,5,Clickable & meter wih limit,1,1,1,1,1,1,1,0.8,0.6,1,0.6,1,9.78333333333333,2018-04-06T21:27:46Z,2,37.427997,5.586509,5.586509,99.39049959654072
318,24,30,0,2.3333333333333335,2.466666666666667,1.6666666666666667,1,80,83.33333333333334,0,0,0,0,0,0,1,Full disclosure,1,1,1,1,1,1,0.8,0.6,1,0.6,0.8,1,6.28333333333333,2018-04-07T18:56:53Z,2,37.086539,4.515997,100,0
320,18,23,4.312766072716321e-4,2.6,2.608695652173913,2.5714285714285716,1,72,76.66666666666667,0,2.1742043837658415e-4,2.1385616889504794e-4,0,0,0,5,Clickable & meter wih limit,1,0,1,1,1,1,0.75,0.8,0.5,0.75,0.75,0.75,11.85,2018-04-06T21:40:12Z,2,36.319067,5.675096,5.675096,0.007599459238603754
323,28,34,0,1.5277777777777777,1.5294117647058822,1.5,1,93.33333333333333,94.44444444444444,0,0,0,0,0,0,1,Full disclosure,1,1,1,1,1,1,1,1,0.6,1,1,1,8.83333333333333,2018-04-07T18:55:44Z,2,36.06573,5.752679,100,0
329,26,32,5.387885406602881,2.7777777777777777,2.78125,2.75,1,86.66666666666667,88.88888888888889,0.5347201194145805,1.454449819855594,0.5378670957021732,1.1047979797979788,1.0674285847896958,0.6886218070428587,2,Clickable w/out meter,1,1,1,1,1,1,1,0.6,0.8,1,1,0.8,8.7,2018-04-06T19:02:34Z,2,35.685805,6.00199,100,5.387885406602881
337,21,26,0.4593819378915737,2.566666666666667,2.6923076923076925,1.75,1,84,86.66666666666667,0.02688172043010756,2.531581478954492e-4,4.19032456304147e-4,0,0,0.43182802685726657,5,Clickable & meter wih limit,0,1,1,1,1,1,0.4,1,1,1,1,0.75,5.16666666666667,2018-04-06T19:02:47Z,2,37.427997,5.586509,5.586509,8.223059121386427
341,28,34,13.04136665829094,2.4444444444444446,2.4411764705882355,2.5,1,93.33333333333333,94.44444444444444,2.1178312987788788,2.3036272407558505,2.819195289179624,1.1591885315003587,2.402542215344145,2.238982082732083,2,Clickable w/out meter,1,1,1,1,1,1,1,0.8,1,1,1,0.8,12.7,2018-04-06T19:03:05Z,2,36.886574,6.475996,100,13.04136665829094
350,24,30,5.1800578101624675,2,2.1333333333333333,1.3333333333333333,1,80,83.33333333333334,1.098340786315047,0.801290558439995,0.9091669385146768,0.09021577380952417,0.8417508417508417,1.439292911332383,5,Clickable & meter wih limit,1,1,1,1,1,1,0.8,0.8,0.8,0.8,0.8,0.8,6.28333333333333,2018-04-06T21:27:12Z,2,36.319067,5.675096,5.675096,91.27700765172021
351,26,32,2.8490811754026035,1.8611111111111112,1.875,1.75,1,86.66666666666667,88.88888888888889,0.3507969964623184,0.4935515873015872,0.38576586548598013,0.019290123456790376,1.3913432693625927,0.2083333333333348,2,Clickable w/out meter,1,1,1,1,1,1,1,0.8,0.8,0.8,0.8,1,5.16666666666667,2018-04-06T19:03:10Z,2,36.886574,6.475996,100,2.8490811754026035
352,28,34,14.832073382150634,2.9444444444444446,2.9411764705882355,3,1,93.33333333333333,94.44444444444444,1.3374482099488554,4.745650512138452,4.765885971763645,1.0933202654764393,0.9668771231839152,1.9228912996393284,2,Clickable w/out meter,1,1,1,1,1,1,0.8,0.8,1,1,1,1,13.633333333333301,2018-04-06T19:02:30Z,2,37.772831,5.606789,100,14.832073382150634
354,25,31,3.3586313695528345,2.4166666666666665,2.4193548387096775,2.4,1,83.33333333333334,86.11111111111111,0.9447549193164374,0.6595020573120598,0.5701960846518263,0.013778659611993094,1.170399648660518,0,2,Clickable w/out meter,1,1,1,1,1,1,1,0.8,0.6,0.8,1,0.8,6.21666666666667,2018-04-06T19:06:23Z,2,36.234488,5.093492,100,3.3586313695528345
356,22,28,1.6457312091503262,1.9722222222222223,2,1.875,1,73.33333333333333,77.77777777777779,0.5872140522875818,0,0.5029616013071897,0,0.5555555555555547,0,5,Clickable & meter wih limit,1,1,1,1,1,1,1,0.6,0.8,0.6,0.6,0.8,7.96666666666667,2018-04-06T21:37:36Z,2,37.486078,5.018995,5.018995,32.79005476495446
2001,23,29,13.27283214600827,2.6666666666666665,2.8620689655172415,1.8571428571428572,1,76.66666666666667,80.55555555555556,2.3380411160733696,1.5016529062488648,1.3300909187652992,1.7469355506508735,2.7604664078094,3.5956452464604625,2,Clickable w/out meter,1,1,1,1,1,1,0.8,0.6,0.6,0.8,0.8,1,12.8166666666667,2018-04-06T19:12:00Z,2,36.886574,6.475996,100,13.27283214600827
2002,19,25,0,2.75,2.84,2.5454545454545454,1,63.33333333333333,69.44444444444444,0,0,0,0,0,0,5,Clickable & meter wih limit,1,1,1,1,1,1,0.8,0.2,0.6,0.6,0.8,0.8,4.95,2018-04-06T21:32:59Z,2,37.772831,5.606789,5.606789,0
